Country Name,Valid,Country Code,Indicator Name,Indicator Code,G,1991,1992,1993,1994,1995,1996,1997,1998,1999,2000,2001,2002,2003,2004,2005,2006,2007,2008,2009,2010,2011,2012,2013,2014,2015,2016,2017,2018,2019,2020,2021
China,Y,CHN,"Foreign direct investment, net inflows (BoP, current US$)",BX.KLT.DINV.CD.WD,1,4366000000,11156000000,27515000000,33787000000,35849200000,40180000000,45439000000,45644000000,41014000000,42095300000,47053000000,53073618897,57900937467,68117272181,1.04E+11,1.24E+11,1.56E+11,1.72E+11,1.31E+11,2.44E+11,2.80E+11,2.41E+11,2.91E+11,2.68E+11,2.42E+11,1.75E+11,1.66E+11,2.35E+11,1.87E+11,2.53E+11,3.44E+11
China,Y,CHN,"Foreign direct investment, net inflows (% of GDP)",BX.KLT.DINV.WD.GD.ZS,1,1.056182715,2.262251841,4.444268949,5.987186165,4.8808632,4.651812663,4.725343843,4.435501024,3.748958593,3.475125903,3.512988538,3.609081135,3.487418899,3.483641535,4.554263482,4.508600503,4.400983342,3.733610711,2.568894307,4.003544569,3.708806517,2.827105336,3.039854863,2.55924761,2.192177731,1.555636999,1.349123696,1.693894284,1.310715932,1.723175549,1.930786223
China,Y,CHN,"Personal transfers, receipts (BoP, current US$)",BX.TRF.PWKR.CD,1,207000000,228000000,108000000,395000000,350000000,1672000000,4423000000,247000000,384000000,556211000,912000000,1679318428,3342737377,4626861352,,,,,,,,,,,,,6977480836,6196417436,4036530450,4161951877,5361455676
China,Y,CHN,"Inflation, consumer prices (annual %)",FP.CPI.TOTL.ZG,1,3.556685652,6.35398134,14.61007864,24.25698972,16.79122517,8.313160289,2.786465055,-0.773186012,-1.401472683,0.347811227,0.719125609,-0.731970902,1.127603487,3.824637431,1.776414077,1.649430995,4.816767674,5.92525137,-0.728165251,3.175324753,5.553898923,2.619524326,2.621050017,1.921641628,1.437023809,2.000001822,1.593136001,2.0747904,2.899234164,2.419421895,0.981015136
China,Y,CHN,Research and development expenditure (% of GDP),GB.XPD.RSDV.GD.ZS,1,,,,,,0.563239992,0.63872999,0.646889985,0.749629974,0.893159986,0.940330029,1.057860017,1.12037003,1.214980006,1.307919979,1.368540049,1.373690009,1.445919991,1.664800048,1.713719964,1.780339956,1.912140012,1.997859955,2.022429943,2.057009935,2.100330114,2.116029978,2.140579939,2.244630098,2.40666008,2.432600021
China,Y,CHN,"Central government debt, total (% of GDP)",GC.DOD.TOTL.GD.ZS,1,,,,,,,,,,,,,,,,,,,,,,,,,,,,,,,
China,Y,CHN,"Revenue, excluding grants (% of GDP)",GC.REV.XGRT.GD.ZS,1,,,,,,,,,,,,,,,9.625040826,10.12516151,16.73450248,11.07653773,11.66270616,11.23107994,11.23872601,11.13895896,10.95623652,15.81817803,16.04302306,15.62992643,15.88317205,16.53589554,16.10057039,14.08608684,14.9369704
China,Y,CHN,Exports of goods and services (% of GDP),NE.EXP.GNFS.ZS,1,13.43637117,13.55554446,11.99788329,18.53674857,17.95252283,17.92329555,19.49316446,18.34210003,18.16247676,20.8936972,20.31214574,22.64474567,26.98075653,31.06133758,33.82985757,36.03502555,35.43479853,32.60271402,24.74985594,27.18533272,26.56818934,25.49252223,24.59925444,23.51006091,21.35407988,19.58438005,19.69227699,19.11210354,18.40999232,18.5861392,19.94397383
China,Y,CHN,Gross fixed capital formation (% of GDP),NE.GDI.FTOT.ZS,1,25.70379885,30.34731964,37.09223299,34.44061642,32.34096881,31.64200474,31.0030962,32.88259458,32.53712589,32.57741759,33.45352637,35.05836605,38.25768533,39.52966373,39.42581557,38.7254881,37.89246834,39.06117809,43.81157102,43.92930477,43.86136146,44.24983199,44.51876555,43.8560937,42.09432828,41.55236492,41.8611853,42.84303114,42.82258435,42.48607855,41.95125398
China,Y,CHN,Gross capital formation (% of GDP),NE.GDI.TOTL.ZS,1,35.23636005,39.07186801,43.28314976,40.05028547,38.8377198,37.54172047,35.52294565,34.81368233,34.10970891,33.57302849,35.54159672,36.15344344,39.62013059,41.84719726,40.34614955,39.9103387,40.48219017,42.26902681,45.35623583,46.55615471,46.6601211,46.22526559,46.39894934,45.82395276,43.23480666,42.63137693,43.01329739,43.79347517,43.25110564,43.36667423,43.14029907
China,Y,CHN,Imports of goods and services (% of GDP),NE.IMP.GNFS.ZS,1,10.62996355,12.54203293,13.9025469,17.23306642,16.32444624,15.89144991,15.0398529,14.08220459,15.361685,18.51731765,18.21521353,20.10265796,24.82323147,28.44418664,28.3780353,28.44385835,26.75856495,25.01000133,20.43501444,23.53174494,24.17271524,22.77500014,22.14512114,21.39515505,18.11008945,17.31003496,17.94013625,18.45368057,17.48010372,16.1681565,17.35801704
China,Y,CHN,GDP (current US$),NY.GDP.MKTP.CD,1,4.13375E+11,4.93137E+11,6.19112E+11,5.64322E+11,7.34E+11,8.63749E+11,9.61602E+11,1.02906E+12,1.09401E+12,1.21133E+12,1.3394E+12,1.47056E+12,1.66028E+12,1.95535E+12,2.28596E+12,2.75E+12,3.55033E+12,4.59434E+12,5.10169E+12,6.08719E+12,7.55155E+12,8.53219E+12,9.57047E+12,1.04756E+13,1.10616E+13,1.12333E+13,1.23105E+13,1.38949E+13,1.428E+13,1.46877E+13,1.78205E+13
China,Y,CHN,GDP growth (annual %),NY.GDP.MKTP.KD.ZG,1,9.262786084,14.22452959,13.8837293,13.03680663,10.95395434,9.922556756,9.236779894,7.845951782,7.661651506,8.490093404,8.335733476,9.13363079,10.03803048,10.11362138,11.39459181,12.72095566,14.23086093,9.650678918,9.398725632,10.63587107,9.550832179,7.863736448,7.766150097,7.425763656,7.041328879,6.848762204,6.947200793,6.749773833,5.950500754,2.238638357,8.448469416
China,Y,CHN,GDP per capita (current US$),NY.GDP.PCAP.CD,1,359.2132687,423.3044301,525.3656924,473.4899164,609.6043379,709.4158882,781.7425612,828.594691,873.297611,959.3604313,1053.112314,1148.514257,1288.637491,1508.667916,1753.414192,2099.21943,2693.958732,3468.327063,3832.227457,4550.473944,5614.386022,6300.58218,7020.386074,7636.07434,8016.445595,8094.390167,8817.045608,9905.406383,10143.86022,10408.71955,12617.5051
China,Y,CHN,GDP per capita (constant 2015 US$),NY.GDP.PCAP.KD,1,975.4629155,1100.646116,1239.129373,1384.930157,1520.029469,1653.433789,1787.766977,1909.622328,2038.206474,2193.896866,2359.572385,2557.891612,2797.176659,3061.833173,3390.716159,3800.765796,4319.031398,4711.643449,5128.904128,5647.068727,6152.696873,6591.662494,7056.423092,7532.785301,8016.445595,8516.528742,9053.228725,9619.209475,10155.51088,10358.17,11223.25535
China,Y,CHN,GDP per capita growth (annual %),NY.GDP.PCAP.KD.ZG,1,7.782091991,12.83320958,12.58199664,11.76638915,9.754954884,8.776429814,8.124497579,6.816064559,6.733485664,7.638597674,7.551654829,8.404879975,9.354776648,9.461558771,10.74137513,12.09330469,13.6358205,9.0902801,8.855947675,10.10283262,8.953816042,7.134523777,7.050734134,6.750760315,6.420736478,6.238215447,6.3018631,6.251700556,5.575316864,1.995558042,8.351719953
China,Y,CHN,Gross savings (% of GDP),NY.GNS.ICTR.ZS,1,38.48543764,40.56922227,41.6330081,41.69672689,39.53009973,38.75912419,39.74224218,38.34708494,36.55790945,35.73955353,37.26929737,38.88322089,42.41350435,45.67236733,45.95478431,48.26050543,50.27522622,51.78758738,50.37304208,51.32671358,49.23332825,48.66536341,47.37839154,47.61581841,45.41758943,44.38066144,44.9050475,44.48574799,43.77302796,43.92641666,45.47068464
China,Y,CHN,"Government expenditure on education, total (% of GDP)",SE.XPD.TOTL.GD.ZS,1,,1.65455997,1.657850027,1.985710025,1.841920018,1.853389978,,1.844329953,1.888039947,,,,,,,,2.700734854,3.631788254,3.751522064,3.754642487,3.521965027,3.944094181,3.710476398,3.580334187,3.813829899,3.761115551,3.667450428,3.542494535,3.541054726,3.572956324,3.297843456
China,Y,CHN,Current health expenditure (% of GDP),SH.XPD.CHEX.GD.ZS,1,,,,,,,,,,4.50828123,4.25330067,4.38285255,4.41762781,4.29347467,4.17605019,3.94742203,3.67491412,3.900002,4.34958458,4.23068333,4.34274387,4.56584787,4.71490669,4.77790594,4.93827963,4.97955608,5.06592178,5.16790485,5.3502779,5.59359694,
China,Y,CHN,Poverty headcount ratio at $2.15 a day (2017 PPP) (% of population),SI.POV.DDAY,1,,,62.7,,,48.1,,,46,,,36.5,,,22.1,,,18,,13.9,10.2,8.5,2.9,2.1,1.2,0.8,0.7,0.4,0.1,0.1,
China,Y,CHN,"Unemployment, total (% of total labor force) (modeled ILO estimate)",SL.UEM.TOTL.ZS,1,2.37,2.37,2.69,2.9,3,3.12,3.23,3.24,3.25,3.26,3.8,4.24,4.58,4.49,4.52,4.43,4.35,4.59,4.72,4.53,4.55,4.58,4.6,4.63,4.65,4.56,4.47,4.31,4.56,5,4.55
Germany,Y,DEU,"Foreign direct investment, net inflows (BoP, current US$)",BX.KLT.DINV.CD.WD,1,4741534934,-2137728434,479814189.3,7517248751,12041505213,15591797829,18638443894,29526509277,86035665071,2.48E+11,56948542387,51268214891,65401516009,-20408419557,59835195025,87444159239,50847183837,30954735498,56701916795,86037502102,97535403953,65443087632,67199694459,19532082849,62475577278,64744235790,1.09E+11,1.67E+11,73974461221,1.61E+11,95903989770
Germany,Y,DEU,"Foreign direct investment, net inflows (% of GDP)",BX.KLT.DINV.WD.GD.ZS,1,0.253701122,-0.100288836,0.023164615,0.340906851,0.465679526,0.624360056,0.842609915,1.318741891,3.919717995,12.73150359,2.926755399,2.466615193,2.614345224,-0.725154707,2.101793081,2.91996036,1.484338647,0.826503411,1.662198034,2.530762023,2.601419304,1.855413408,1.799764604,0.502227193,1.860729182,1.865906917,2.966416856,4.1997218,1.902059228,4.136109564,2.241530947
Germany,Y,DEU,"Personal transfers, receipts (BoP, current US$)",BX.TRF.PWKR.CD,1,,,,,,,,,,,,,,,,,,,,,,,5407117.85,,,,,,,,
Germany,Y,DEU,"Inflation, consumer prices (annual %)",FP.CPI.TOTL.ZG,1,4.047032598,5.056977967,4.474576508,2.693056399,1.706160413,1.44972702,1.939371989,0.911183535,0.585433064,1.440268387,1.983857313,1.420806156,1.034222186,1.665736967,1.546911148,1.577426428,2.298344007,2.628379816,0.312739007,1.103810378,2.075172837,2.008488848,1.504723303,0.906794,0.514426137,0.491747008,1.509494851,1.732168798,1.445659769,0.144877926,3.066666667
Germany,Y,DEU,Research and development expenditure (% of GDP),GB.XPD.RSDV.GD.ZS,1,,,,,,2.144609928,2.188319921,2.216130018,2.347790003,2.40982008,2.40437007,2.436219931,2.47461009,2.435189962,2.441930056,2.47232008,2.460479975,2.615129948,2.742660046,2.730240107,2.805550098,2.881659985,2.835989952,2.877840042,2.933789968,2.94039011,3.047100067,3.110110044,3.167789936,3.129790068,3.142460108
Germany,Y,DEU,"Central government debt, total (% of GDP)",GC.DOD.TOTL.GD.ZS,1,,,,,,,,,,,,,,,,,,,,,,,,,,,,,,,
Germany,Y,DEU,"Revenue, excluding grants (% of GDP)",GC.REV.XGRT.GD.ZS,1,28.576113,29.53503402,29.48494766,30.14817851,30.04898106,29.84188448,29.83887005,29.59387814,30.11983608,29.90792237,28.99578374,28.85242844,29.44455749,28.17946361,28.10449633,27.86376138,27.57044268,27.80329002,28.78833722,27.99095305,28.3232228,28.55499015,28.54845537,28.5011768,28.50600427,28.40519469,28.55636088,28.93856691,29.16721117,28.97885555,29.12582067
Germany,Y,DEU,Exports of goods and services (% of GDP),NE.EXP.GNFS.ZS,1,23.664901,22.19469349,20.31344059,21.11071028,21.99423628,22.86002769,25.36027331,26.40690621,26.95923243,30.84771157,31.84470712,32.59257911,32.81171295,35.71336386,38.05957235,41.43290791,43.3227581,43.79919026,38.11990694,42.56547341,45.05713628,46.30712014,45.41867786,45.61926331,46.92073836,46.07326285,47.16304068,47.30885914,47.12758088,43.47697967,47.2795201
Germany,Y,DEU,Gross fixed capital formation (% of GDP),NE.GDI.FTOT.ZS,1,24.89096986,25.201168,24.05622284,24.14140089,23.5390397,23.02730329,22.65063866,22.7982248,23.03867967,23.11432893,21.77819511,20.12178589,19.52332506,19.09101356,19.07669852,19.80289969,20.05653018,20.30296604,19.26753975,19.54250507,20.3708475,20.32109306,19.90147082,20.04027423,20.01982698,20.29830225,20.41148888,21.06520673,21.31610686,21.5407215,21.29945127
Germany,Y,DEU,Gross capital formation (% of GDP),NE.GDI.TOTL.ZS,1,25.77235465,25.26003784,23.93851127,24.33046378,24.32674799,23.26229065,23.37551947,24.02046247,24.00343776,24.486864,22.96045182,20.77639073,20.43679377,19.83907325,19.48512221,20.57071461,21.37992839,21.44618671,18.55646371,20.06578537,21.63523367,19.71598836,20.05374642,20.37029066,19.74294325,19.96742952,20.96227304,21.91959471,21.86974506,21.96928076,23.21657521
Germany,Y,DEU,Imports of goods and services (% of GDP),NE.IMP.GNFS.ZS,1,24.15247824,22.69614467,20.26329467,20.9471728,21.58739793,22.14559327,24.28238534,25.17806614,26.4066172,30.67834943,30.21813177,28.3423107,29.03760677,30.51283525,32.85914059,36.01682124,36.5516593,37.72561447,33.10880596,37.30315083,40.14898499,40.20693474,39.66019884,39.00083008,39.32548626,38.69638311,40.07416227,41.2110119,41.19080858,37.67037926,41.88157404
Germany,Y,DEU,GDP (current US$),NY.GDP.MKTP.CD,1,1.86895E+12,2.13157E+12,2.07132E+12,2.20507E+12,2.58579E+12,2.49724E+12,2.21199E+12,2.23899E+12,2.19495E+12,1.94798E+12,1.94579E+12,2.07848E+12,2.50164E+12,2.81435E+12,2.84686E+12,2.9947E+12,3.42558E+12,3.74526E+12,3.41126E+12,3.39967E+12,3.74931E+12,3.52714E+12,3.7338E+12,3.88909E+12,3.35759E+12,3.46985E+12,3.69085E+12,3.97444E+12,3.88918E+12,3.88773E+12,4.2785E+12
Germany,Y,DEU,GDP growth (annual %),NY.GDP.MKTP.KD.ZG,1,5.108261522,1.923076559,-0.976849818,2.391892071,1.544146496,0.805822891,1.792160821,2.013932785,1.887261154,2.912502964,1.681468481,-0.197973835,-0.700116686,1.175088132,0.731707164,3.816441913,2.976455131,0.959879134,-5.693836336,4.179882499,3.925192705,0.418497594,0.437591303,2.209543431,1.491931528,2.229999868,2.680231114,0.981232606,1.075471636,-3.826768716,3.163819942
Germany,Y,DEU,GDP per capita (current US$),NY.GDP.PCAP.CD,1,23357.75773,26438.23039,25522.62957,27076.60675,31658.34938,30485.86655,26964.04947,27289.05936,26734.94254,23694.76048,23628.32721,25197.2656,30310.3576,34106.65812,34520.23965,36353.88033,41640.08087,45612.71062,41650.36783,41572.45595,46705.8958,43855.85447,46298.92292,48023.86998,41103.25644,42136.12079,44652.58917,47939.27829,46805.13843,46749.47623,51426.75037
Germany,Y,DEU,GDP per capita (constant 2015 US$),NY.GDP.PCAP.KD,1,30766.92896,31121.07057,30615.14021,31238.87906,31628.15981,31790.86686,32313.29707,32959.07357,33559.39937,34490.07577,35011.06846,34883.05807,34619.66407,35034.08061,35310.47047,36699.44678,37842.35779,38278.31301,36190.39289,37760.91363,39977.34171,40069.35396,40135.01583,40851.16173,41103.25644,41682.03224,42639.55441,42928.74124,43292.68389,41601.97316,42900.02252
Germany,Y,DEU,GDP per capita growth (annual %),NY.GDP.PCAP.KD.ZG,1,4.345220055,1.151046332,-1.625684284,2.03735421,1.246141876,0.514437285,1.643334273,1.998485321,1.821428031,2.773221251,1.510558261,-0.365628327,-0.755077167,1.197055352,0.788917116,3.933610331,3.114245883,1.152029742,-5.454577169,4.339606777,5.869635737,0.230160993,0.163870563,1.784341886,0.617105353,1.408102075,2.297206047,0.678212594,0.847783197,-3.905303583,3.120162973
Germany,Y,DEU,Gross savings (% of GDP),NY.GNS.ICTR.ZS,1,23.71694179,23.50981697,22.51315684,22.74805721,23.03807291,22.52154103,22.78568067,23.22600137,22.56341601,22.66891792,22.54064769,22.63958965,21.79639543,24.32094727,24.13096015,26.33842188,28.2674381,27.14870002,24.39683877,25.77636851,27.82258688,26.80026361,26.58238547,27.57490436,28.31064498,28.60399495,28.83901792,29.87843174,30.08728192,29.03149747,30.83699435
Germany,Y,DEU,"Government expenditure on education, total (% of GDP)",SE.XPD.TOTL.GD.ZS,1,,,4.407919884,4.336639881,4.430759907,4.494709969,,4.461870193,,4.068152428,4.147081375,4.163057327,4.1710186,4.10064888,4.62490797,4.0252738,3.92246604,4.549240112,4.340054035,5.095880032,4.984250069,4.928440094,4.935389996,4.921020031,4.855150223,4.839230061,4.871829987,4.979330063,5.116769791,5.587590218,4.530963898
Germany,Y,DEU,Current health expenditure (% of GDP),SH.XPD.CHEX.GD.ZS,1,,,,,,,,,,9.8881979,9.92069149,10.18365669,10.40202236,10.14603233,10.31153965,10.17995167,10.05132961,10.25128746,11.23791218,11.09592915,10.77848625,10.85349178,10.99848843,11.02219391,11.18386841,11.23263836,11.32420826,11.45727539,11.69622993,12.82248878,12.80539513
Germany,Y,DEU,Poverty headcount ratio at $2.15 a day (2017 PPP) (% of population),SI.POV.DDAY,1,0,0,0,0.2,0.2,0,0,0,0,0,0,0,0,0,0,0,0,0,0,0,0,0,0,0,0,0,0.2,0,0,,
Germany,Y,DEU,"Unemployment, total (% of total labor force) (modeled ILO estimate)",SL.UEM.TOTL.ZS,1,5.32,6.32,7.68,8.73,8.16,8.82,9.86,9.79,8.85,7.92,7.77,8.48,9.78,10.73,11.17,10.25,8.66,7.52,7.74,6.97,5.82,5.38,5.23,4.98,4.62,4.12,3.75,3.38,3.14,3.86,3.64
India,Y,IND,"Foreign direct investment, net inflows (BoP, current US$)",BX.KLT.DINV.CD.WD,1,73537638.39,276512439,550370024.9,973271468.7,2143628110,2426057022,3577330042,2634651658,2168591054,3584217307,5128093562,5208967106,3681984671,5429250990,7269407226,20029119267,25227740887,43406277076,35581372930,27396885034,36498654598,23995685014,28153031270,34576643694,44009492130,44458571546,39966091359,42117450737,50610647354,64362364994,44727277563
India,Y,IND,"Foreign direct investment, net inflows (% of GDP)",BX.KLT.DINV.WD.GD.ZS,1,0.02722554,0.095941949,0.197056426,0.297385909,0.59498633,0.617479352,0.86020896,0.625286204,0.472644846,0.765212649,1.056378305,1.011571805,0.605889255,0.765601405,0.88610072,2.130168425,2.073394047,3.620523235,2.651590332,1.635034094,2.002063463,1.31293453,1.516276467,1.69565959,2.092115214,1.937364122,1.507315833,1.558214838,1.78482634,2.409135936,1.419775274
India,Y,IND,"Personal transfers, receipts (BoP, current US$)",BX.TRF.PWKR.CD,1,3274878700,2891408013,3495314608,5781754405,6138999222,8452993711,10296654634,9452583926,11001994466,12738252470,14143960159,15628842475,20884266043,18397249158,21859147408,28024797011,36769757385,49179627878,48331658602,52489564633,60259412355,65961872968,66799009274,66831611586,65229600361,59083771822,64523217413,74079856484,77978955988,77378637923,82977274515
India,Y,IND,"Inflation, consumer prices (annual %)",FP.CPI.TOTL.ZG,1,13.87024618,11.78781704,6.326890488,10.24793556,10.22488616,8.977152338,7.164252115,13.23083898,4.66982038,4.00943591,3.779293122,4.297152039,3.805858995,3.767251735,4.24634362,5.796523376,6.372881356,8.349267049,10.88235294,11.98938992,8.911793365,9.478996914,10.01787847,6.665656719,4.906973441,4.948216341,3.328173375,3.938826467,3.729505735,6.623436776,5.131407472
India,Y,IND,Research and development expenditure (% of GDP),GB.XPD.RSDV.GD.ZS,1,,,,,,0.639050007,0.686689973,0.703790009,0.724129975,0.756990016,0.735909998,0.72566998,0.719290018,0.756900012,0.824109972,0.804729998,0.805069983,0.858759999,0.833140016,0.788489997,0.755020022,0.743990004,0.706420004,0.701590002,0.693099976,0.669839978,0.66602999,0.66000998,0.659420013,0.64635998,
India,Y,IND,"Central government debt, total (% of GDP)",GC.DOD.TOTL.GD.ZS,1,50.01008036,49.68090136,51.75980829,49.5942827,47.4916413,45.7233077,50.36543613,50.31921817,51.35295144,55.0042465,59.0179098,62.55277129,62.1900539,62.59297674,62.2265261,59.66673028,57.49753639,57.29221428,55.25644611,51.5919103,51.55655366,50.67803055,50.31182736,49.90092487,49.96471839,47.63375559,47.58360938,46.52249866,,,
India,Y,IND,"Revenue, excluding grants (% of GDP)",GC.REV.XGRT.GD.ZS,1,12.88496024,12.8183817,11.47555585,11.89232782,12.16407659,12.23824527,11.96011988,10.99037005,11.7032891,11.70342888,11.04005086,11.59413471,11.85312184,12.08292197,12.33509425,13.31678983,14.43959578,12.7597308,11.42028859,13.18359654,11.49599601,12.59987277,12.60899341,11.55062064,12.41520954,12.85101699,12.7267619,13.18853295,,,
India,Y,IND,Exports of goods and services (% of GDP),NE.EXP.GNFS.ZS,1,8.494240771,8.842926925,9.834217455,9.888084916,10.84396804,10.38516927,10.69071732,11.01846918,11.45206461,12.99723631,12.55837963,14.26438392,14.94791386,17.85912496,19.60524669,21.26794142,20.79969975,24.09735726,20.40051937,22.40093325,24.54041132,24.53443066,25.4308613,22.96796301,19.81318916,19.15823491,18.79176484,19.9278286,18.6642649,18.70524736,21.5143886
India,Y,IND,Gross fixed capital formation (% of GDP),NE.GDI.FTOT.ZS,1,24.58433379,25.08949989,23.66775629,23.35888821,25.1369225,24.52478712,25.35005215,25.45876778,27.53509242,26.02178485,29.93230964,28.33252481,28.33482571,30.70814142,32.75533704,33.58489158,35.81287812,34.71795935,33.95162693,33.23001466,34.31341623,33.43693432,31.29580503,30.08023705,28.73314413,28.18843897,28.17781654,29.46306814,28.45454433,27.25042452,28.91392466
India,Y,IND,Gross capital formation (% of GDP),NE.GDI.TOTL.ZS,1,25.14050528,27.44020416,22.71641051,26.31016656,29.15233715,22.75925318,25.69273291,24.97536994,30.95808797,25.67731668,29.90788898,30.25130012,30.83969994,35.0964917,37.42826402,38.99850637,41.95079823,38.42241965,39.25679176,39.78562417,39.59042144,38.34741567,34.02320208,34.26780561,32.11673014,30.17269167,30.98217576,32.34321821,30.09619757,28.75229851,31.22549825
India,Y,IND,Imports of goods and services (% of GDP),NE.IMP.GNFS.ZS,1,8.493485781,9.590172117,9.817322332,10.19005946,12.02348067,11.5443186,11.92866955,12.6810009,13.36353343,13.9036866,13.43487512,15.24427901,15.64452227,19.6446891,22.39642292,24.45653908,24.88656893,29.27086318,25.87235027,26.85427325,31.08346869,31.25929106,28.41327065,25.95422274,22.10972471,20.9242508,21.95073212,23.68914073,21.24113863,19.098878,24.1532946
India,Y,IND,GDP (current US$),NY.GDP.MKTP.CD,1,2.70105E+11,2.88208E+11,2.79296E+11,3.27276E+11,3.60282E+11,3.92897E+11,4.15868E+11,4.21351E+11,4.5882E+11,4.68395E+11,4.85441E+11,5.14938E+11,6.07699E+11,7.09149E+11,8.20382E+11,9.4026E+11,1.21674E+12,1.1989E+12,1.34189E+12,1.67562E+12,1.82305E+12,1.82764E+12,1.85672E+12,2.03913E+12,2.10359E+12,2.2948E+12,2.65147E+12,2.70293E+12,2.83561E+12,2.6716E+12,3.15031E+12
India,Y,IND,GDP growth (annual %),NY.GDP.MKTP.KD.ZG,1,1.056831435,5.48239602,4.750776218,6.65892407,7.574491838,7.549522249,4.04982085,6.184415822,8.845755559,3.840991157,4.823966266,3.803975321,7.860381476,7.922936613,7.923430621,8.060732572,7.660815066,3.08669806,7.861888832,8.497584702,5.241315002,5.456388753,6.386106401,7.410227601,7.99625379,8.256305499,6.795383423,6.453851341,3.871436939,-5.831053221,9.050277909
India,Y,IND,GDP per capita (current US$),NY.GDP.PCAP.CD,1,303.850438,317.5587387,301.5007912,346.2273931,373.6282357,399.5773122,414.8986797,412.5093541,440.9614546,442.0347789,449.9111249,468.8444283,543.8437989,624.1050944,710.5093448,802.013742,1022.732467,993.5034053,1096.636136,1350.63447,1449.603301,1434.017987,1438.057005,1559.863779,1590.174331,1714.279537,1957.969813,1974.377731,2050.1638,1913.219733,2238.127142
India,Y,IND,GDP per capita (constant 2015 US$),NY.GDP.PCAP.KD,1,528.898177,546.4410205,560.7985718,586.1754576,618.1392879,651.9583566,665.4661076,693.4085048,740.9162333,755.482294,777.7336603,793.1009618,840.8180443,892.3821035,947.7634353,1008.667137,1070.131538,1087.583036,1156.880666,1238.014727,1285.283034,1337.476111,1404.545346,1490.028508,1590.174331,1701.184238,1795.91185,1891.138435,1944.314848,1813.534553,1961.960889
India,Y,IND,GDP per capita growth (annual %),NY.GDP.PCAP.KD.ZG,1,-1.045105467,3.316865934,2.627465861,4.525133814,5.452945861,5.471108102,2.071873277,4.19892116,6.851333406,1.965952437,2.945319361,1.975907984,6.016520564,6.132606167,6.206011032,6.426044714,6.09362578,1.630780589,6.371709388,7.013174581,3.81807313,4.060823569,5.014611865,6.086180223,6.721067635,6.980989699,5.568333518,5.302408674,2.811873101,-6.72629208,8.184367717
India,Y,IND,Gross savings (% of GDP),NY.GNS.ICTR.ZS,1,21.7599661,23.24680162,24.08307928,25.95100089,26.96739109,27.04793504,27.55043402,25.88950465,25.6375365,26.11902731,26.25987903,28.11148557,30.47096654,33.33257124,34.4180229,36.36053211,37.011389,36.25408263,35.61743481,36.30587504,35.13179309,35.26129231,34.30465749,33.46602574,32.45392411,31.72641474,31.70675317,31.41049223,29.70220058,28.5076882,28.18140364
India,Y,IND,"Government expenditure on education, total (% of GDP)",SE.XPD.TOTL.GD.ZS,1,,,,,,,3.361360073,3.572560072,4.415390015,4.324790001,,,3.613409996,3.352540016,3.188750029,3.142849922,,,3.278249979,3.377690077,3.79618001,4.084798336,3.844670057,3.898780346,4.114991665,,4.306396961,,,4.293349743,4.635141373
India,Y,IND,Current health expenditure (% of GDP),SH.XPD.CHEX.GD.ZS,1,,,,,,,,,,4.03493309,4.26278067,4.24016762,4.00848055,3.95739174,3.79116249,3.63477802,3.51754212,3.51468062,3.48537874,3.27211928,3.24634218,3.32935286,3.74944186,3.61956549,3.59565997,3.50430417,2.93597651,2.8584938,2.94352531,2.95919013,
India,Y,IND,Poverty headcount ratio at $2.15 a day (2017 PPP) (% of population),SI.POV.DDAY,1,,,48,,,,,,,,,,,40.6,,,,,33.5,,22.9,,,,18.8,18.1,13.4,11.1,13.2,15.5,12.9
India,Y,IND,"Unemployment, total (% of total labor force) (modeled ILO estimate)",SL.UEM.TOTL.ZS,1,6.838,6.838,6.838,6.83,6.998,7.165,7.339,7.511,7.68,7.85,8.022,8.202,8.368,8.535,8.7,8.618,8.537,8.463,8.383,8.3,8.215,8.138,8.06,7.976,7.891,7.808,7.728,7.65,6.51,7.86,6.38
Japan,Y,JPN,"Foreign direct investment, net inflows (BoP, current US$)",BX.KLT.DINV.CD.WD,1,1284268820,2755603983,210435439.5,888384470.9,41463072.35,-38203596.34,2486935040,2512021924,14780510031,10688168326,4926033619,11557373874,8771535612,7527948175,5459618343,-2396909736,21631204436,24624845330,12226471579,7440979284,-850717035.1,546962692.2,10648441636,19752249424,5252218412,40954181469,18802251208,25289367858,39960544340,62584719398,35204421199
Japan,Y,JPN,"Foreign direct investment, net inflows (% of GDP)",BX.KLT.DINV.WD.GD.ZS,1,0.035204103,0.069224055,0.004638268,0.017771963,0.00074768,-0.000775961,0.055358119,0.061293304,0.318821542,0.215124715,0.112602474,0.27630407,0.194079344,0.153847736,0.113001254,-0.052087901,0.472322727,0.482208589,0.231146375,0.12920449,-0.013648274,0.008720202,0.204293384,0.403354543,0.118161988,0.818481615,0.381319638,0.501685482,0.780785313,1.237931782,0.69924673
Japan,Y,JPN,"Personal transfers, receipts (BoP, current US$)",BX.TRF.PWKR.CD,1,,,,,,245780769,262096380.3,222526536.5,216448910.6,504680790.4,1036986326,946779979.8,656576221.1,600157384.3,733518680.5,1026136415,1260570061,1555660379,1423446189,1509891876,1941740917,2327442337,2239706136,3552650671,3174016343,3673006450,4287079125,4199841262,4224259044,4706208825,5087562052
Japan,Y,JPN,"Inflation, consumer prices (annual %)",FP.CPI.TOTL.ZG,1,3.251438488,1.760283061,1.243045897,0.695458058,-0.127899045,0.136600359,1.747804587,0.661974191,-0.341296928,-0.676578684,-0.740055504,-0.923494027,-0.256541816,-0.008573388,-0.282946069,0.249355116,0.060039454,1.380078862,-1.35283673,-0.728243208,-0.272455616,-0.04406451,0.335037912,2.759226714,0.795279631,-0.127258844,0.484199796,0.989094598,0.468776159,-0.024995834,-0.233352779
Japan,Y,JPN,Research and development expenditure (% of GDP),GB.XPD.RSDV.GD.ZS,1,,,,,,2.643029928,2.721770048,2.827450037,2.84671998,2.858409882,2.923480034,2.965140104,2.993200064,2.981250048,3.130919933,3.227659941,3.292570114,3.292239904,3.195899963,3.104949951,3.205369949,3.173710108,3.27895999,3.367880106,3.24071002,3.106659889,3.166359901,3.219199896,3.218240023,3.268970013,3.295809984
Japan,Y,JPN,"Central government debt, total (% of GDP)",GC.DOD.TOTL.GD.ZS,1,38.17618736,38.91493435,42.11594183,55.11190585,60.77122237,65.41006169,72.99671748,80.47828377,90.65379413,98.93382307,102.846758,111.8762497,121.9153209,127.5476298,128.2074929,128.5996679,132.2220465,138.5742742,156.9844853,160.4980984,175.5676412,183.7062093,186.5642973,192.1128503,194.584024,193.2302909,193.4871708,197.3346932,198.0170845,215.7718427,216.3571079
Japan,Y,JPN,"Revenue, excluding grants (% of GDP)",GC.REV.XGRT.GD.ZS,1,21.19963233,19.66970088,19.75013568,,,,,,,,,,,,,,,,,,,,,,,,,,,,
Japan,Y,JPN,Exports of goods and services (% of GDP),NE.EXP.GNFS.ZS,1,9.616174714,9.518285025,8.913913995,8.839827126,8.816470433,9.315745084,10.38369564,10.3738061,9.805539002,10.4634942,10.07679996,10.85544561,11.46580158,12.78626462,13.81589572,15.65737405,17.28912737,17.23554338,12.41956575,14.91850345,14.77446226,14.41477461,15.78415673,17.41865535,17.43675984,16.05796924,17.5914391,18.3149456,17.46352643,15.5285155,18.12547664
Japan,Y,JPN,Gross fixed capital formation (% of GDP),NE.GDI.FTOT.ZS,1,34.64638824,33.3255316,31.68463767,30.62130945,30.60586047,31.57566602,30.58371941,29.28258366,28.90206391,28.48714191,27.7309731,26.2604182,25.71335382,25.32392748,25.90104403,26.04468634,25.40512686,25.29281552,23.62429345,22.61965942,23.3511623,23.7736493,24.55652696,25.08454909,24.97145617,24.76068429,25.00734984,25.26776759,25.54757857,25.49392543,25.45788653
Japan,Y,JPN,Gross capital formation (% of GDP),NE.GDI.TOTL.ZS,1,35.21166972,33.53724959,31.76834468,30.65250831,30.93363189,32.02694888,31.11037275,29.59082374,28.20043331,28.41743932,27.75495487,25.89885919,25.66096518,25.63820726,26.05232598,26.07755439,25.76874016,25.86957996,22.60317648,22.59030413,23.54056869,24.00492972,24.41762404,25.03636199,25.16534788,24.83559732,25.21482698,25.64171431,25.78969613,25.24631897,25.71904735
Japan,Y,JPN,Imports of goods and services (% of GDP),NE.IMP.GNFS.ZS,1,8.143276541,7.499783799,6.809425135,6.970479106,7.573634501,8.938123142,9.399821984,8.629380124,8.320091715,9.098877381,9.482804509,9.591676459,9.860323691,10.8780888,12.41405886,14.35900205,15.52745068,16.89393316,11.97060079,13.57996924,15.42049847,16.0561363,18.19461192,20.01277922,17.99064852,15.25227761,16.83177447,18.2949862,17.75289168,15.79727763,18.64600665
Japan,Y,JPN,GDP (current US$),NY.GDP.MKTP.CD,1,3.64807E+12,3.9807E+12,4.53694E+12,4.9988E+12,5.54556E+12,4.92339E+12,4.49245E+12,4.09836E+12,4.63598E+12,4.96836E+12,4.37471E+12,4.18285E+12,4.51956E+12,4.89312E+12,4.83E+12,4.60166E+12,4.57975E+12,5.10668E+12,5.29E+12,5.75907E+12,6.23315E+12,6.27236E+12,5.21233E+12,4.89699E+12,4.44E+12,5.00E+12,4.93084E+12,5.04088E+12,5.11799E+12,5.05559E+12,5.03462E+12
Japan,Y,JPN,GDP growth (annual %),NY.GDP.MKTP.KD.ZG,1,3.523357235,0.900586066,-0.459219716,1.083383174,2.630999616,3.133870993,0.981228732,-1.270330495,-0.333929958,2.764647551,0.386103426,0.041962499,1.535125499,2.186115694,1.803900872,1.372350128,1.483969412,-1.224289001,-5.693236359,4.097917919,0.023809524,1.374750999,2.005100177,0.296205514,1.560626697,0.753826746,1.675331752,0.643391023,-0.402169201,-4.147118899,2.559320239
Japan,Y,JPN,GDP per capita (current US$),NY.GDP.PCAP.CD,1,29428.4289,31992.79021,36345.24413,39933.51506,44197.6191,39150.03963,35638.23196,32423.75561,36610.16832,39169.35957,34406.18246,32820.79364,35387.03742,38298.98017,37812.89502,35991.546,35779.02454,39876.30397,41308.99684,44968.15623,48760.07895,49145.28043,40898.6479,38475.39525,34960.63938,39375.47316,38834.05293,39751.1331,40415.95676,40040.76551,40058.53733
Japan,Y,JPN,GDP per capita (constant 2015 US$),NY.GDP.PCAP.KD,1,29308.27409,29462.65397,29232.43979,29466.75525,30171.16379,31046.17015,31276.19308,30795.08889,30636.26612,31430.63113,31476.05207,31416.12418,31830.21758,32515.1158,33098.54747,33531.51856,33990.03603,33557.6454,31651.08377,32942.20208,33011.13423,33518.44494,34239.88625,34386.90586,34960.63938,35242.19938,35861.97285,36138.52908,36043.7844,34650.79678,35701.45427
Japan,Y,JPN,GDP per capita growth (annual %),NY.GDP.PCAP.KD.ZG,1,3.117494633,0.526745036,-0.781376228,0.801559685,2.390519558,2.900141234,0.740905953,-1.538244076,-0.51574059,2.592891087,0.14451169,-0.190392014,1.318091962,2.151723329,1.794339801,1.308127183,1.367422326,-1.272109949,-5.68145234,4.079223048,0.209251803,1.536786659,2.152371066,0.429381123,1.668465117,0.805362825,1.758611802,0.771168471,-0.262170829,-3.86470967,3.032130828
Japan,Y,JPN,Gross savings (% of GDP),NY.GNS.ICTR.ZS,1,,,,,,33.42734066,33.21008023,32.35447097,30.65183065,31.03085423,29.72294203,28.50441093,28.71587681,29.31588438,29.51487698,29.81593218,30.34337994,28.64210741,25.3311155,26.37732272,25.58057141,24.89574884,25.25252313,25.77208863,28.17891582,28.72722324,29.28966717,29.12546746,29.1717019,28.16766715,29.55045039
Japan,Y,JPN,"Government expenditure on education, total (% of GDP)",SE.XPD.TOTL.GD.ZS,1,,,3.429039955,3.635669947,3.4021101,,,3.297970057,3.378129959,3.460119963,3.400820017,3.408989906,3.466629982,3.426110029,3.314939976,3.276679993,3.279340029,3.27241993,3.555977821,3.599519968,3.605279922,3.64741993,3.624969959,3.551589966,3.229025364,3.146430016,3.130579948,3.077820063,3.155339956,3.416980982,3.317383766
Japan,Y,JPN,Current health expenditure (% of GDP),SH.XPD.CHEX.GD.ZS,1,,,,,,,,,,7.03456163,7.23947906,7.35235405,7.48654842,7.53518438,7.65818596,7.68688869,7.77935696,8.08909321,8.9587822,9.0630064,10.48780155,10.67169094,10.67438698,10.7290144,10.74969959,10.65891552,10.65627098,10.74637508,10.75110722,10.9042511,
Japan,Y,JPN,Poverty headcount ratio at $2.15 a day (2017 PPP) (% of population),SI.POV.DDAY,1,,,,,,,,,,,,,,,,,,0.5,,0,,,0.7,,,,,,,,
Japan,Y,JPN,"Unemployment, total (% of total labor force) (modeled ILO estimate)",SL.UEM.TOTL.ZS,1,2.06,2.16,2.54,2.89,3.15,3.38,3.37,4.08,4.68,4.75,5.02,5.39,5.25,4.73,4.45,4.19,3.89,4,5.07,5.1,4.55,4.36,4.04,3.59,3.39,3.13,2.82,2.47,2.35,2.81,2.83
United States,Y,USA,"Foreign direct investment, net inflows (BoP, current US$)",BX.KLT.DINV.CD.WD,1,34550000000,30310000000,50230000000,55940000000,69080000000,97660000000,1.22E+11,2.11E+11,3.12E+11,3.49E+11,1.72E+11,1.11E+11,1.17E+11,2.14E+11,1.42E+11,2.98E+11,3.47E+11,3.41E+11,1.61E+11,2.64E+11,2.63E+11,2.50E+11,2.88E+11,2.52E+11,5.11E+11,4.74E+11,3.81E+11,2.15E+11,3.16E+11,1.38E+11,4.93E+11
United States,Y,USA,"Foreign direct investment, net inflows (% of GDP)",BX.KLT.DINV.WD.GD.ZS,1,0.561047032,0.464853987,0.732369584,0.767643589,0.904218188,1.209693103,1.424065573,2.329849229,3.244142242,3.405782569,1.630099648,1.016139191,1.02218472,1.748691345,1.091662133,2.160335287,2.394690938,2.309379021,1.112600342,1.754532686,1.689112771,1.540208119,1.710667534,1.435021307,2.809147629,2.537497659,1.955210863,1.045703992,1.477874528,0.656979527,2.114875815
United States,Y,USA,"Personal transfers, receipts (BoP, current US$)",BX.TRF.PWKR.CD,1,,,,,,,,,,,,,,,,,,,,,,,,,,,,,,,
United States,Y,USA,"Inflation, consumer prices (annual %)",FP.CPI.TOTL.ZG,1,4.234963965,3.028819678,2.951656966,2.607441592,2.805419689,2.9312042,2.337689937,1.552279099,2.188027197,3.376857271,2.826171119,1.586031627,2.270094973,2.677236693,3.392746845,3.225944101,2.852672482,3.839100297,-0.355546266,1.640043442,3.156841569,2.069337265,1.464832656,1.622222977,0.118627136,1.261583206,2.130110004,2.442583297,1.812210075,1.233584396,4.697858864
United States,Y,USA,Research and development expenditure (% of GDP),GB.XPD.RSDV.GD.ZS,1,,,,,,2.450129986,2.47713995,2.496210098,2.54362011,2.619839907,2.637150049,2.547450066,2.550149918,2.486860037,2.501929998,2.545449972,2.615159988,2.744810104,2.791820049,2.714449883,2.738029957,2.672840118,2.702150106,2.717859983,2.786999941,2.853499889,2.904320002,3.010099888,3.170490026,3.4677701,3.457050085
United States,Y,USA,"Central government debt, total (% of GDP)",GC.DOD.TOTL.GD.ZS,1,44.06159728,46.05014442,48.24614033,47.35348217,47.20953529,46.74176855,44.11746983,41.12914898,37.72727827,33.26765486,52.44367633,53.86251404,56.25040459,56.6622864,56.53884791,55.46733576,55.65992611,63.81512982,75.8420483,84.96441099,89.54681703,93.64926176,95.53468821,95.76669869,96.42522795,98.50410172,97.69293636,99.06097612,100.8050422,126.2433005,120.3614756
United States,Y,USA,"Revenue, excluding grants (% of GDP)",GC.REV.XGRT.GD.ZS,1,18.13131878,17.648348,18.04562737,18.25726517,18.78045993,18.95214763,19.41590704,19.82871067,19.78211486,20.57614574,19.50891325,17.38421414,16.77744096,16.84343831,17.92858722,18.62870763,18.65678435,17.71315483,15.66665028,16.40345028,16.62943918,16.74773749,18.78242787,18.9205858,19.08821565,18.64971719,19.34243982,17.58445635,17.41943576,17.99382279,18.95301793
United States,Y,USA,Exports of goods and services (% of GDP),NE.EXP.GNFS.ZS,1,9.660905122,9.708914906,9.547180392,9.893147416,10.63922388,10.74663556,11.11975453,10.51526113,10.30933456,10.69277691,9.703447499,9.131381514,9.035658683,9.628750081,9.982054732,10.64138647,11.46379016,12.42584736,10.93222062,12.34136081,13.56346715,13.6440494,13.5836612,13.55243772,12.47181925,11.95798206,12.26173812,12.36098922,11.87247011,10.2092291,10.93729011
United States,Y,USA,Gross fixed capital formation (% of GDP),NE.GDI.FTOT.ZS,1,20.11701931,19.82716511,20.09015305,20.40379919,20.86459909,21.32030211,21.58283004,22.25525168,22.78767769,23.14628853,22.53850716,21.53989084,21.62262063,22.12774208,22.93463698,23.03816705,22.32301608,21.23547849,18.81013804,18.31394453,18.7369868,19.51260255,19.79839807,20.48649377,20.75022353,20.80166324,21.13439376,21.42404286,21.49202157,21.85321225,21.57987397
United States,Y,USA,Gross capital formation (% of GDP),NE.GDI.TOTL.ZS,1,20.11060502,20.077582,20.39362787,21.27909677,21.27264914,21.70181499,22.40970908,22.9583332,23.41912715,23.6783759,22.1767206,21.72265041,21.74564312,22.65215058,23.37571468,23.53752332,22.55757783,21.03749419,17.76875578,18.67222167,19.03354326,19.95072315,20.42462738,20.96962034,21.51987552,21.01063766,21.3021477,21.69876084,21.82954592,21.6748307,21.62992312
United States,Y,USA,Imports of goods and services (% of GDP),NE.IMP.GNFS.ZS,1,10.125543,10.2416796,10.49743831,11.16231175,11.81415777,11.94043643,12.30856657,12.31062982,13.00422915,14.41021845,13.26373384,13.1549926,13.59165432,14.81931218,15.6564983,16.33389163,16.54822752,17.44194843,13.82731055,15.87853443,17.27901909,17.03778597,16.42429277,16.45204044,15.35174567,14.64998,15.05128277,15.24939006,14.57816511,13.18347845,14.61833679
United States,Y,USA,GDP (current US$),NY.GDP.MKTP.CD,1,6.16E+12,6.52E+12,6.86E+12,7.29E+12,7.64E+12,8.07E+12,8.58E+12,9.06E+12,9.63E+12,1.03E+13,1.06E+13,1.09E+13,1.15E+13,1.22E+13,1.30E+13,1.38E+13,1.45E+13,1.48E+13,1.45E+13,1.50E+13,1.56E+13,1.63E+13,1.68E+13,1.75507E+13,1.82E+13,1.87E+13,1.95E+13,2.05E+13,2.14E+13,2.11E+13,2.33E+13
United States,Y,USA,GDP growth (annual %),NY.GDP.MKTP.KD.ZG,1,-0.108264791,3.522440527,2.751781051,4.02879326,2.684217272,3.772565499,4.447174945,4.481394432,4.794499045,4.077159479,0.954338729,1.695942923,2.796209101,3.852552601,3.48322032,2.782810626,2.010507552,0.122188443,-2.599888351,2.708856694,1.54989495,2.280687603,1.841875395,2.287775933,2.706369582,1.667472076,2.241921216,2.945384831,2.294439078,-2.767802511,5.945484761
United States,Y,USA,GDP per capita (current US$),NY.GDP.PCAP.CD,1,24342.2589,25418.99078,26387.29373,27694.85342,28690.8757,29967.71272,31459.13898,32853.67695,34515.39023,36329.95607,37133.62311,37997.75966,39490.27496,41724.63163,44123.40707,46302.00088,48050.22378,48570.04598,47194.94335,48650.64313,50065.9665,51784.41857,53291.12769,55123.84979,56762.72945,57866.74493,59907.75426,62823.30944,65120.39466,63528.6343,70219.47245
United States,Y,USA,GDP per capita (constant 2015 US$),NY.GDP.PCAP.KD,1,38739.79832,39552.02188,40108.00804,41215.34293,41820.68019,42896.41648,44267.90588,45715.69265,47360.53642,48746.04096,48726.58167,49095.3318,50036.23423,51485.20741,52789.73142,53738.09173,54299.61724,53854.16061,51996.1835,52963.46417,53394.86184,54213.45955,54830.78407,55675.38685,56762.72945,57292.53878,58207.57831,59607.39366,60698.0113,58451.60672,61829.84563
United States,Y,USA,GDP per capita growth (annual %),NY.GDP.PCAP.KD.ZG,1,-1.434200125,2.096612766,1.405708565,2.760882297,1.468718234,2.572259204,3.197212055,3.270511073,3.597985018,2.925440983,-0.039919729,0.756774051,1.916480451,2.895847779,2.533784114,1.796486326,1.044930137,-0.820367899,-3.450015923,1.860291678,0.814519358,1.533102035,1.138692347,1.540380649,1.953004118,0.933375362,1.59713559,2.404867872,1.829668388,-3.700952528,5.779548418
United States,Y,USA,Gross savings (% of GDP),NY.GNS.ICTR.ZS,1,18.81418853,17.6880247,17.05100445,17.86170504,18.75893698,19.65112258,20.84765196,21.39049749,20.92609787,20.81334332,19.65727466,18.38085129,17.42872694,17.73316477,18.12245495,19.19974888,17.42794981,15.05881108,13.89305138,15.38325782,16.3373296,18.37929189,18.60463971,19.72101346,19.79472094,18.66769355,19.11037472,19.34773249,19.6369145,18.84972804,18.15992439
United States,Y,USA,"Government expenditure on education, total (% of GDP)",SE.XPD.TOTL.GD.ZS,1,,,,,,,,,,6.08564949,6.298923016,6.359955311,6.328607559,6.253763676,6.170983315,6.164029121,6.243318558,6.436086178,6.738698483,6.694553852,6.497683525,6.253886223,6.22925806,6.129205704,4.946780205,4.806660175,5.122879982,4.928890228,4.987279892,5.435440063,
United States,Y,USA,Current health expenditure (% of GDP),SH.XPD.CHEX.GD.ZS,1,,,,,,,,,,12.48710918,13.16466713,13.99167347,14.50113487,14.54663658,14.57448006,14.70358467,14.91463089,15.20489883,16.19877434,16.19557953,16.13764381,16.11693954,15.98693848,16.19240761,16.48109245,16.79314804,16.76793671,16.64094353,16.67647362,18.81582642,
United States,Y,USA,Poverty headcount ratio at $2.15 a day (2017 PPP) (% of population),SI.POV.DDAY,1,0.5,0.5,0.5,0.5,0.5,0.7,0.7,0.7,0.7,0.7,0.7,0.7,1,1,1,1,1,1,1,1,1,1,1,1.2,1.2,1,1.2,1,1,0.2,0.2
United States,Y,USA,"Unemployment, total (% of total labor force) (modeled ILO estimate)",SL.UEM.TOTL.ZS,1,6.8,7.5,6.9,6.12,5.65,5.45,5,4.51,4.22,3.99,4.73,5.78,5.99,5.53,5.08,4.62,4.62,5.78,9.25,9.63,8.95,8.07,7.37,6.17,5.28,4.87,4.36,3.9,3.67,8.05,5.35
